-- MySQL dump 10.18  Distrib 10.3.27-MariaDB, for debian-linux-gnueabihf (armv8l)
--
-- Host: localhost    Database: unibot
-- ------------------------------------------------------
-- Server version	10.3.27-MariaDB-0+deb10u1-log

/*!40101 SET @OLD_CHARACTER_SET_CLIENT=@@CHARACTER_SET_CLIENT */;
/*!40101 SET @OLD_CHARACTER_SET_RESULTS=@@CHARACTER_SET_RESULTS */;
/*!40101 SET @OLD_COLLATION_CONNECTION=@@COLLATION_CONNECTION */;
/*!40101 SET NAMES utf8mb4 */;
/*!40103 SET @OLD_TIME_ZONE=@@TIME_ZONE */;
/*!40103 SET TIME_ZONE='+00:00' */;
/*!40014 SET @OLD_UNIQUE_CHECKS=@@UNIQUE_CHECKS, UNIQUE_CHECKS=0 */;
/*!40014 SET @OLD_FOREIGN_KEY_CHECKS=@@FOREIGN_KEY_CHECKS, FOREIGN_KEY_CHECKS=0 */;
/*!40101 SET @OLD_SQL_MODE=@@SQL_MODE, SQL_MODE='NO_AUTO_VALUE_ON_ZERO' */;
/*!40111 SET @OLD_SQL_NOTES=@@SQL_NOTES, SQL_NOTES=0 */;

--
-- Table structure for table `admin`
--

DROP TABLE IF EXISTS `admin`;
/*!40101 SET @saved_cs_client     = @@character_set_client */;
/*!40101 SET character_set_client = utf8 */;
CREATE TABLE `admin` (
  `chat_id` int(11) DEFAULT NULL,
  `nome` text DEFAULT NULL
) ENGINE=InnoDB DEFAULT CHARSET=utf8mb4;
/*!40101 SET character_set_client = @saved_cs_client */;

--
-- Dumping data for table `admin`
--

LOCK TABLES `admin` WRITE;
/*!40000 ALTER TABLE `admin` DISABLE KEYS */;
INSERT INTO `admin` VALUES (391175417,'Mattia'),(678532406,'Matteo<3');
/*!40000 ALTER TABLE `admin` ENABLE KEYS */;
UNLOCK TABLES;

--
-- Table structure for table `corsi`
--

DROP TABLE IF EXISTS `corsi`;
/*!40101 SET @saved_cs_client     = @@character_set_client */;
/*!40101 SET character_set_client = utf8 */;
CREATE TABLE `corsi` (
  `url` text DEFAULT NULL,
  `anno` int(11) DEFAULT NULL
) ENGINE=InnoDB DEFAULT CHARSET=utf8mb4;
/*!40101 SET character_set_client = @saved_cs_client */;

--
-- Dumping data for table `corsi`
--

LOCK TABLES `corsi` WRITE;
/*!40000 ALTER TABLE `corsi` DISABLE KEYS */;
INSERT INTO `corsi` VALUES ('https://corsi.unibo.it/magistralecu/architettura/orario-lezioni/',5),('https://corsi.unibo.it/magistrale/IngegneriaBiomedica/orario-lezioni/',2),('https://corsi.unibo.it/laurea/IngegneriaBiomedica/orario-lezioni/',3),('https://corsi.unibo.it/magistrale/IngegneriaScienzeInformatiche/orario-lezioni/',2),('https://corsi.unibo.it/laurea/IngegneriaScienzeInformatiche/orario-lezioni/',3),('https://corsi.unibo.it/laurea/IngegneriaElettronicaEnergiaInformazione/orario-lezioni/',3),('https://corsi.unibo.it/magistrale/IngegneriaElettronicaTelecomunicazioniEnergia/orario-lezioni/',2),('https://corsi.unibo.it/laurea/acquacoltura/orario-lezioni/',3),('https://corsi.unibo.it/magistrale/Neuroscienze/orario-lezioni/',2),('https://corsi.unibo.it/magistrale/PsicologiaClinica/orario-lezioni/',2),('https://corsi.unibo.it/magistrale/PsicologiaCognitivaApplicata/orario-lezioni/',2),('https://corsi.unibo.it/magistrale/PsicologiaScolasticaComunita/orario-lezioni/',2),('https://corsi.unibo.it/laurea/ScienzeTecnichePsicologiche/orario-lezioni/',3),('https://corsi.unibo.it/magistrale/ScienzeTecnologieAlimentari/orario-lezioni/',2),('https://corsi.unibo.it/laurea/TecnologieAlimentari/orario-lezioni/',3),('https://corsi.unibo.it/laurea/ViticolturaEnologia/orario-lezioni/',3),('https://corsi.unibo.it/laurea/IngegneriaAerospaziale/orario-lezioni/',3),('https://corsi.unibo.it/laurea/IngegneriaMeccanicaForli/orario-lezioni/',3),('https://corsi.unibo.it/magistrale/IngegneriaMeccanica-Forli/orario-lezioni/',2);
/*!40000 ALTER TABLE `corsi` ENABLE KEYS */;
UNLOCK TABLES;

--
-- Table structure for table `percorso`
--

DROP TABLE IF EXISTS `percorso`;
/*!40101 SET @saved_cs_client     = @@character_set_client */;
/*!40101 SET character_set_client = utf8 */;
CREATE TABLE `percorso` (
  `ID` int(11) NOT NULL,
  `curricula` text DEFAULT NULL,
  `nome` text DEFAULT NULL,
  KEY `ID` (`ID`),
  CONSTRAINT `percorso_ibfk_1` FOREIGN KEY (`ID`) REFERENCES `universita` (`ID`)
) ENGINE=InnoDB DEFAULT CHARSET=utf8mb4;
/*!40101 SET character_set_client = @saved_cs_client */;

--
-- Dumping data for table `percorso`
--

LOCK TABLES `percorso` WRITE;
/*!40000 ALTER TABLE `percorso` DISABLE KEYS */;
INSERT INTO `percorso` VALUES (1,'000-000','9229 - Percorso generico'),(1,'A01-000','AMMINISTRAZIONE E CONTROLLO D’IMPRESA'),(1,'A02-000','GESTIONE D’IMPRESA'),(1,'A03-000','SERVICE MANAGEMENT'),(2,'000-000','8965 - Percorso generico'),(4,'755-000','DIREZIONE AZIENDALE'),(4,'756-000','INTERNATIONAL MANAGEMENT'),(5,'000-000','8871 - Percorso generico'),(6,'000-000','8847 - Percorso generico'),(6,'A25-000','INTERNATIONAL TOURISM AND LEISURE INDUSTRIES'),(7,'B69-000','PERCORSO MANAGERIALE'),(7,'B68-000','PERCORSO PROFESSIONALE'),(8,'000-000','0905 - Percorso generico'),(9,'761-000','CURRICULUM ECONOMIA E COMMERCIO'),(9,'A59-000','ECONOMIA E MANAGEMENT'),(9,'A60-000','MANAGEMENT'),(10,'000-000','9221 - Percorso generico'),(10,'B08-000','CURRICULUM LAW AND ECONOMICS OF INSURANCE AND FINANCE'),(11,'509-000','CURRICULUM BUSINESS AND ADMINISTRATION'),(11,'A59-000','ECONOMIA E MANAGEMENT'),(11,'A61-000','FOOD SYSTEM MANAGEMENT'),(12,'979-000','ECONOMIA E POLITICA ECONOMICA'),(12,'980-000','HEALTH ECONOMICS & MANAGEMENT'),(12,'C01-000','HEALTH ECONOMICS, MANAGEMENT AND POLICY'),(13,'000-000','0900 - Percorso generico'),(14,'000-000','8038 - Percorso generico'),(15,'000-000','8408 - Percorso generico'),(16,'000-000','8835 - Percorso generico'),(18,'000-000','0901 - Percorso generico'),(19,'000-000','8880 - Percorso generico'),(20,'000-000','0902 - Percorso generico'),(21,'000-000','5702 - Percorso generico'),(23,'000-000','8843 - Percorso generico'),(24,'000-000','8406 - Percorso generico'),(24,'B71-000','GESTIONE E INNOVAZIONE D’IMPRESA'),(25,'000-000','8839 - Percorso generico'),(26,'000-000','8609 - Percorso generico'),(27,'000-000','8020 - Percorso generico'),(28,'302-000','NUTRIZIONALE'),(29,'000-000','9212 - Percorso generico'),(29,'B72-000','BIOSANITARIO-FORENSE'),(30,'000-000','8005 - Percorso generico'),(31,'000-000','9213 - Percorso generico'),(32,'000-000','9262 - Percorso generico'),(33,'000-000','9219 - Percorso generico'),(34,'000-000','9211 - Percorso generico'),(35,'000-000','8021 - Percorso generico'),(36,'000-000','9068 - Percorso generico'),(37,'000-000','9078 - Percorso generico'),(38,'775-000','TECNICHE ERBORISTICHE'),(38,'777-000','TOSSICOLOGIA AMBIENTALE'),(39,'000-000','9230 - Percorso generico'),(40,'000-000','9232 - Percorso generico'),(41,'000-000','9233 - Percorso generico'),(42,'B16-000','AMMINISTRAZIONE E GOVERNO DEL TERRITORIO'),(42,'B09-000','CONTRATTI E IMPRESA'),(42,'B18-000','FOOD, SPORT E WELLNESS'),(42,'B17-000','TRASPORTI, LOGISTICA E SISTEMI PORTUALI'),(43,'000-000','9062 - Percorso generico'),(44,'000-000','9238 - Percorso generico'),(45,'B02-000','ADVANCED MOTORCYCLE ENGINEERING'),(45,'B01-000','ADVANCED POWERTRAIN'),(45,'B03-000','ADVANCED SPORTSCAR MANUFACTURING'),(46,'B14-000','ADVANCED DESIGN DEI PRODOTTI'),(46,'B15-000','ADVANCED DESIGN DEI SERVIZI'),(47,'B79-000','CURRICULUM AERONAUTICS'),(47,'B80-000','CURRICULUM SPACE'),(49,'000-000','9265 - Percorso generico'),(50,'000-000','5695 - Percorso generico'),(51,'000-000','9063 - Percorso generico'),(52,'000-000','Curriculum AUTOMATION ENGINEERING / INGEGNERIA DELL’AUTOMAZIONE'),(53,'B89-000','BIOENGINEERING OF HUMAN MOVEMENT'),(53,'B87-000','BIOMEDICAL ENGINEERING FOR NEUROSCIENCE'),(53,'B88-000','INNOVATIVE TECHNOLOGIES IN DIAGNOSTICS AND THERAPY'),(54,'B66-000','CLIMATE CHANGE ADAPTATION'),(54,'A29-000','INFRASTRUCTURE DESIGN IN RIVER BASINS'),(54,'A30-000','OFFSHORE ENGINEERING'),(54,'A28-000','STRUCTURAL ENGINEERING'),(54,'I01-000','SUSTAINABLE MOBILITY IN URBAN AREAS'),(55,'000-000','8182 - Percorso generico'),(57,'000-000','5699 - Percorso generico'),(58,'000-000','9234 - Percorso generico'),(59,'000-000','9082 - Percorso generico'),(60,'000-000','8887 - Percorso generico'),(61,'760-000','INGEGNERIA ALIMENTARE'),(61,'973-000','INGEGNERIA DI PROCESSO'),(61,'598-000','SUSTAINABLE TECHNOLOGIES AND BIOTECHNOLOGIES FOR ENERGY AND MATERIALS'),(62,'957-000','CURRICULUM: COSTRUZIONI PER L’EDILIZIA E LE INFRASTRUTTURE'),(62,'958-000','CURRICULUM: IDRAULICA E TERRITORIO'),(62,'862-000','CURRICULUM: INFRASTRUTTURE VIARIE E TRASPORTI'),(62,'856-000','CURRICULUM: STRUTTURE'),(63,'000-000','8888 - Percorso generico'),(64,'000-000','8829 - Percorso generico'),(64,'597-000','GESTIONE DEL PROCESSO EDILIZIO NEL RECUPERO DI EDIFICI STORICI'),(64,'640-000','HISTORIC BUILDINGS REHABILITATION'),(65,'740-000','AUTOMATION ENGINEERING'),(65,'739-000','SISTEMI PER L\'AUTOMAZIONE'),(66,'000-000','9255 - Percorso generico'),(67,'A27-000','ELECTRICAL ENGINEERING'),(67,'A26-000','INGEGNERIA DELL’ENERGIA ELETTRICA'),(68,'000-000','8614 - Percorso generico'),(69,'000-000','8615 - Percorso generico'),(70,'000-000','9199 - Percorso generico'),(71,'B78-000','ARCHITECTURAL ENGINEERING'),(72,'A76-000','ELECTRONIC TECHNOLOGIES FOR BIG-DATA AND INTERNET OF THINGS'),(72,'B70-000','ELECTRONICS FOR INTELLIGENT SYSTEMS, BIG-DATA AND INTERNET OF THINGS'),(72,'A75-000','INGEGNERIA ELETTRONICA'),(73,'000-000','8767 - Percorso generico'),(74,'995-000','CURRICULUM: ELETTRONICA'),(74,'996-000','CURRICULUM: TELECOMUNICAZIONI'),(75,'000-000','8770 - Percorso generico'),(75,'A97-000','CURRICULUM INFORMATION AND COMMUNICATION TECHNOLOGY FOR CLIMATE'),(76,'B12-000','APPLICAZIONI INDUSTRIALI E BIOMEDICALI DELL\'ENERGIA'),(76,'B13-000','FONTI ENERGETICHE TRADIZIONALI E RINNOVABILI'),(77,'000-000','0935 - Percorso generico'),(78,'000-000','0925 - Percorso generico'),(79,'000-000','0936 - Percorso generico'),(80,'000-000','0937 - Percorso generico'),(81,'000-000','9254 - Percorso generico'),(82,'000-000','0927 - Percorso generico'),(83,'000-000','0949 - Percorso generico'),(84,'B81-000','BIOMECCANICA'),(84,'913-000','IMPIANTI INDUSTRIALI'),(84,'912-000','MACCHINE A FLUIDO'),(84,'B82-000','MECCANICA DELL’AUTOMAZIONE E ROBOTICA'),(84,'B83-000','MOTOVEICOLO'),(84,'914-000','PROGETTAZIONE MECCANICA E MODELLAZIONE'),(85,'000-000','8771 - Percorso generico'),(86,'B66-000','CLIMATE CHANGE ADAPTATION'),(86,'976-000','EARTH RESOURCES ENGINEERING'),(86,'975-000','INGEGNERIA PER L\'AMBIENTE E IL TERRITORIO'),(87,'000-000','9198 - Percorso generico'),(89,'B30-000','ENVIRONMENTAL OFFSHORE ENGINEERING'),(89,'B29-000','OFFSHORE ENERGY TECHNOLOGIES'),(89,'B31-000','OFFSHORE STRUCTURES'),(92,'000-000','9205 - Percorso generico'),(93,'000-000','8060 - Percorso generico'),(94,'000-000','8874 - Percorso generico'),(95,'000-000','0981 - Percorso generico'),(95,'736-000','CURRICULUM WOMEN\'S AND GENDER STUDIES - STUDI DI GENERE E DELLE DONNE (GEMMA)'),(95,'946-000','LETTERATURE MODERNE, COMPARATE E POSTCOLONIALI'),(96,'000-000','0983 - Percorso generico'),(97,'000-000','0979 - Percorso generico'),(98,'000-000','9264 - Percorso generico'),(99,'000-000','8059 - Percorso generico'),(100,'000-000','9174 - Percorso generico'),(101,'000-000','8470 - Percorso generico'),(102,'000-000','8477 - Percorso generico'),(103,'000-000','8476 - Percorso generico'),(104,'000-000','8481 - Percorso generico'),(105,'000-000','8473 - Percorso generico'),(106,'000-000','8474 - Percorso generico'),(107,'000-000','8475 - Percorso generico'),(108,'000-000','9080 - Percorso generico'),(109,'000-000','9081 - Percorso generico'),(110,'000-000','5708 - Percorso generico'),(111,'000-000','5709 - Percorso generico'),(112,'000-000','8415 - Percorso generico'),(113,'000-000','9210 - Percorso generico'),(114,'000-000','8204 - Percorso generico'),(115,'000-000','9201 - Percorso generico'),(116,'000-000','8479 - Percorso generico'),(117,'000-000','8878 - Percorso generico'),(118,'000-000','8488 - Percorso generico'),(119,'000-000','8487 - Percorso generico'),(120,'000-000','8484 - Percorso generico'),(121,'000-000','8482 - Percorso generico'),(122,'000-000','9079 - Percorso generico'),(123,'000-000','8483 - Percorso generico'),(124,'000-000','8834 - Percorso generico'),(125,'000-000','8522 - Percorso generico'),(127,'000-000','8617 - Percorso generico'),(128,'000-000','5728 - Percorso generico'),(129,'000-000','0989 - Percorso generico'),(130,'000-000','0990 - Percorso generico'),(131,'000-000','0991 - Percorso generico'),(132,'000-000','0993 - Percorso generico'),(133,'000-000','5700 - Percorso generico'),(134,'000-000','8774 - Percorso generico'),(135,'000-000','9236 - Percorso generico'),(136,'000-000','9225 - Percorso generico'),(139,'000-000','8418 - Percorso generico'),(139,'A98-000','CURRICULUM CLIMATE-KIC'),(139,'968-000','CURRICULUM: WATER AND COASTAL MANAGEMENT'),(140,'000-000','9063 - Percorso generico'),(141,'000-000','8004 - Percorso generico'),(142,'000-000','8018 - Percorso generico'),(143,'000-000','9075 - Percorso generico'),(144,'000-000','8857 - Percorso generico'),(146,'707-000','CURRICULUM A: METODOLOGIE DI SINTESI E CHIMICA BIO-ORGANICA'),(146,'708-000','CURRICULUM B: METODOLOGIE DI ANALISI E CARATTERIZZAZIONE'),(147,'000-000','8006 - Percorso generico'),(148,'717-000','CURRICULUM: AMBIENTE, ENERGIA, RIFIUTI'),(149,'716-000','CURRICULUM: MATERIALI TRADIZIONALI E INNOVATIVI'),(150,'A40-000','ADVANCED SPECTROSCOPY IN CHEMISTRY'),(150,'A39-000','CHIMICA INDUSTRIALE'),(151,'000-000','8513 - Percorso generico'),(152,'B94-000','COMUNICAZIONE DELLE SCIENZE NEI MUSEI'),(152,'B96-000','DIDATTICA DELLA COMUNICAZIONE SCIENTIFICA'),(152,'B93-000','DIDATTICA DELLE SCIENZE DELLA NATURA'),(152,'B95-000','DIDATTICA E SVILUPPO SOSTENIBILE'),(154,'000-000','9244 - Percorso generico'),(155,'000-000','8626 - Percorso generico'),(156,'B58-000','CURRICULUM A: RISCHIO IDROGEOLOGICO E PROTEZIONE DELL\'AMBIENTE'),(156,'B59-000','CURRICULUM B: STRATIGRAFIA INTEGRATA PER LE GEORISORSE'),(156,'B60-000','CURRICULUM C: RAW MATERIALS EXPLORATION AND SUSTAINABILITY'),(157,'000-000','8009 - Percorso generico'),(158,'A58-000','CURRICULUM A: TECNICHE DEL SOFTWARE'),(158,'991-000','CURRICULUM B: INFORMATICA PER IL MANAGEMENT'),(158,'992-000','CURRICULUM C: SISTEMI E RETI'),(159,'000-000','8014 - Percorso generico'),(160,'000-000','8614 - Percorso generico'),(161,'000-000','8615 - Percorso generico'),(162,'000-000','9246 - Percorso generico'),(162,'A98-000','CURRICULUM CLIMATE-KIC'),(163,'955-000','CURRICULUM A: GENERALE E APPLICATIVO'),(163,'839-000','CURRICULUM C: DIDATTICO'),(164,'000-000','8010 - Percorso generico'),(165,'000-000','9074 - Percorso generico'),(166,'B25-000','APPLIED PHYSICS'),(166,'B26-000','DIDATTICA E STORIA DELLA FISICA'),(166,'A74-000','MATERIALS PHYSICS AND NANOSCIENCE'),(166,'B24-000','NUCLEAR AND SUBNUCLEAR PHYSICS'),(166,'B23-000','THEORETICAL PHYSICS'),(167,'000-000','8537 - Percorso generico'),(168,'000-000','8011 - Percorso generico'),(169,'000-000','8012 - Percorso generico'),(170,'B33-000','GLOBAL CHANGE ECOLOGY AND SUSTAINABLE DEVELOPMENT GOALS'),(170,'B32-000','SCIENZE E GESTIONE DELLA NATURA'),(171,'000-000','8015 - Percorso generico'),(172,'000-000','8016 - Percorso generico'),(173,'722-000','CURRICULUM BIO-DEMOGRAFICO'),(173,'721-000','CURRICULUM ECONOMIA E IMPRESA'),(173,'A32-000','CURRICULUM STATS AND MATHS'),(174,'000-000','8526 - Percorso generico'),(176,'000-000','8883 - Percorso generico'),(177,'B91-000','ANIMAL PRODUCTION'),(177,'B90-000','CROP PRODUCTION'),(178,'000-000','Curriculum PRODUZIONI ANIMALI'),(179,'944-000','ANALISI E MONITORAGGIO DEGLI ECOSISTEMI'),(179,'945-000','PROGETTAZIONE E GESTIONE DEGLI SPAZI VERDI'),(181,'943-000','MEDICINA DELLE PIANTE'),(181,'A37-000','PRODUZIONI E BIOTECNOLOGIE VEGETALI'),(181,'A38-000','TECNICO-ECONOMICO E GESTIONALE'),(182,'000-000','8531 - Percorso generico'),(183,'000-000','8523 - Percorso generico'),(184,'000-000','8524 - Percorso generico'),(185,'000-000','8528 - Percorso generico'),(186,'000-000','8525 - Percorso generico'),(187,'000-000','8527 - Percorso generico'),(188,'000-000','9083 - Percorso generico'),(189,'000-000','5726 - Percorso generico'),(190,'000-000','5727 - Percorso generico'),(191,'000-000','9206 - Percorso generico'),(192,'000-000','9228 - Percorso generico'),(193,'000-000','9229 - Percorso generico'),(194,'000-000','8780 - Percorso generico'),(195,'000-000','5711 - Percorso generico'),(196,'000-000','9214 - Percorso generico'),(198,'A81-000','TECNICO-SPORTIVO'),(199,'A82-000','PREVENTIVO-ADATTATIVO'),(200,'000-000','9263 - Percorso generico'),(201,'000-000','9069 - Percorso generico'),(203,'B75-000','COMUNICAZIONE PUBBLICA E D\'IMPRESA'),(203,'B76-000','GIORNALISMO E MEDIA DIGITALI'),(205,'000-000','8049 - Percorso generico'),(206,'A95-000','INTERNATIONAL COOPERATION ON INTERCULTURAL HERITAGE'),(206,'A94-000','PROTECTION OF HUMAN RIGHTS AND INTERNATIONAL COOPERATION'),(207,'000-000','5702 - Percorso generico'),(208,'B50-000','CRIME, JUSTICE AND SECURITY'),(208,'B52-000','EUROPEAN AFFAIRS'),(208,'B53-000','FORECASTING, INNOVATION AND CHANGE'),(208,'B51-000','INTERNATIONAL AFFAIRS'),(208,'B54-000','INTERNATIONAL CRIMINOLOGY'),(209,'000-000','8051 - Percorso generico'),(210,'B44-000','POLITICS AND SOCIAL POLICY'),(210,'B55-000','SCIENZA DELL’AMMINISTRAZIONE'),(210,'B56-000','TEORIA DELL\'ORGANIZZAZIONE'),(211,'000-000','8048 - Percorso generico'),(211,'B11-000','CURRICULUM DIPLOMATIC AND INTERNATIONAL SCIENCES'),(211,'B10-000','CURRICULUM SCIENZE INTERNAZIONALI E DIPLOMATICHE'),(212,'997-000','POLITICA E GOVERNO NEL MONDO GLOBALE'),(212,'802-000','POLITICA E SICUREZZA INTERNAZIONALE'),(213,'538-000','COMUNICAZIONE'),(213,'952-000','PERCORSO INTEGRATO UNIVERSITÀ E IMPRESA'),(213,'950-000','RELAZIONI INTERNAZIONALI'),(213,'949-000','SCIENZE DELL’ORGANIZZAZIONE'),(213,'951-000','SOCIOLOGIA'),(214,'000-000','8890 - Percorso generico'),(215,'000-000','9200 - Percorso generico'),(216,'000-000','8872 - Percorso generico'),(217,'000-000','8854 - Percorso generico'),(218,'722-000','CURRICULUM BIO-DEMOGRAFICO'),(218,'721-000','CURRICULUM ECONOMIA E IMPRESA'),(218,'A32-000','CURRICULUM STATS AND MATHS'),(219,'000-000','8877 - Percorso generico'),(220,'A35-000','CURRICULUM MARKETING E RICERCHE DI MERCATO'),(220,'A36-000','CURRICULUM METODI QUANTITATIVI PER LE DECISIONI ECONOMICHE'),(221,'A91-000','DATA SCIENCE'),(221,'A92-000','LIFE STATISTICS'),(221,'A93-000','OFFICIAL STATISTICS'),(222,'000-000','8890 - Percorso generico'),(223,'000-000','8491 - Percorso generico'),(224,'000-000','8040 - Percorso generico'),(225,'000-000','8495 - Percorso generico'),(226,'251-000','CURRICULUM SERVIZIO SOCIALE'),(226,'225-000','CURRICULUM SOCIOLOGIA E RICERCA SOCIALE'),(227,'000-000','0964 - Percorso generico'),(228,'000-000','8493 - Percorso generico'),(229,'000-000','8855 - Percorso generico'),(229,'B67-000','APPLIED CRITICAL ARCHAEOLOGY AND HERITAGE'),(230,'000-000','9071 - Percorso generico'),(230,'B43-000','AMAC - ARTS, MUSEOLOGY AND CURATORSHIP / ARTS, MUSÉOLOGIE ET CURATORSHIP'),(231,'A83-000','PERCORSO ARCHEOLOGICO'),(231,'A84-000','PERCORSO STORICO-ARTISTICO'),(232,'000-000','9076 - Percorso generico'),(233,'000-000','0966 - Percorso generico'),(234,'000-000','8616 - Percorso generico'),(235,'000-000','9064 - Percorso generico'),(236,'000-000','0956 - Percorso generico'),(237,'000-000','9224 - Percorso generico'),(238,'677-000','CURRICULUM  DISCIPLINE DELLA MUSICA'),(238,'678-000','CURRICULUM DISCIPLINE DEL TEATRO'),(239,'B45-000','CURRICULUM CULTURE OF FASHION'),(239,'B47-000','CURRICULUM DESIGN FOR FASHION'),(239,'B46-000','CURRICULUM STRATEGY IN FASHION MANAGEMENT'),(240,'000-000','9070 - Percorso generico'),(241,'A85-000','CURRICULUM FILOSOFIA: CONCETTI E CONTESTI'),(241,'A86-000','CURRICULUM FILOSOFIA: CONTESTI E APPLICAZIONI'),(242,'000-000','0971 - Percorso generico'),(243,'B73-000','CULTURE DELL\'INFORMAZIONE'),(243,'B74-000','ORGANIZZAZIONE DEI MEDIA'),(244,'A95-000','INTERNATIONAL COOPERATION ON INTERCULTURAL HERITAGE'),(244,'A94-000','PROTECTION OF HUMAN RIGHTS AND INTERNATIONAL COOPERATION'),(245,'A88-000','CULTURE LETTERARIE EUROPEE'),(245,'A89-000','ITALIAN STUDIES'),(245,'A87-000','ITALIANISTICA'),(245,'A90-000','SCIENZE LINGUISTICHE'),(246,'906-000','CURRICULUM CLASSICO'),(246,'953-000','CURRICULUM CULTURE LETTERARIE EUROPEE'),(246,'947-000','CURRICULUM MODERNO'),(248,'000-000','9077 - Percorso generico'),(249,'000-000','8885 - Percorso generico'),(250,'000-000','8773 - Percorso generico'),(251,'893-000','CURRICULUM SCIENZE STORICHE'),(251,'905-000','CURRICULUM STUDI ORIENTALI'),(251,'A55-000','GLOBAL CULTURES'),(252,'000-000','8886 - Percorso generico'),(253,'000-000','5696 - Percorso generico'),(253,'B85-000','POLITICA, DIRITTI, RISORSE'),(253,'B86-000','SICUREZZA, LINGUAGGI, ISTITUZIONI'),(253,'B84-000','STORIA, RELIGIONI, AMBIENTE'),(254,'000-000','0962 - Percorso generico');
/*!40000 ALTER TABLE `percorso` ENABLE KEYS */;
UNLOCK TABLES;

--
-- Table structure for table `telegram`
--

DROP TABLE IF EXISTS `telegram`;
/*!40101 SET @saved_cs_client     = @@character_set_client */;
/*!40101 SET character_set_client = utf8 */;
CREATE TABLE `telegram` (
  `token` text DEFAULT NULL
) ENGINE=InnoDB DEFAULT CHARSET=utf8mb4;
/*!40101 SET character_set_client = @saved_cs_client */;

--
-- Dumping data for table `telegram`
--

LOCK TABLES `telegram` WRITE;
/*!40000 ALTER TABLE `telegram` DISABLE KEYS */;
INSERT INTO `telegram` VALUES ('1517227954:AAEfLPPjAPJQ8FsBGu4h02zvaA2F-xYueK0');
/*!40000 ALTER TABLE `telegram` ENABLE KEYS */;
UNLOCK TABLES;

--
-- Table structure for table `universita`
--

DROP TABLE IF EXISTS `universita`;
/*!40101 SET @saved_cs_client     = @@character_set_client */;
/*!40101 SET character_set_client = utf8 */;
CREATE TABLE `universita` (
  `ID` int(11) NOT NULL,
  `corso` text DEFAULT NULL,
  `url` text DEFAULT NULL,
  `shortUrl` text DEFAULT NULL,
  `durata` int(11) DEFAULT NULL,
  PRIMARY KEY (`ID`)
) ENGINE=InnoDB DEFAULT CHARSET=utf8mb4;
/*!40101 SET character_set_client = @saved_cs_client */;

--
-- Dumping data for table `universita`
--

LOCK TABLES `universita` WRITE;
/*!40000 ALTER TABLE `universita` DISABLE KEYS */;
INSERT INTO `universita` VALUES (1,'Amministrazione e gestione d\'impresa [LM] - 8842','https://corsi.unibo.it/magistrale/aegi','magistrale/aegi',2),(2,'Business and economics [L] - 8965','https://corsi.unibo.it/1cycle/CLaBE','1cycle/CLaBE',3),(3,'Digital transformation management [LM] - 5815','https://corsi.unibo.it/2cycle/DigitalTransformationManagement','2cycle/DigitalTransformationManagement',0),(4,'Direzione aziendale [LM] - 0897','https://corsi.unibo.it/magistrale/DirezioneAziendale','magistrale/DirezioneAziendale',2),(5,'Economia aziendale [L] - 8871','https://corsi.unibo.it/laurea/EconomiaAziendale','laurea/EconomiaAziendale',3),(6,'Economia del turismo [L] - 8847','https://corsi.unibo.it/laurea/clet','laurea/clet',3),(7,'Economia dell\'impresa [L] - 8848','https://corsi.unibo.it/laurea/clei','laurea/clei',3),(8,'Economia e commercio [LM] - 0905','https://corsi.unibo.it/magistrale/EconomiaCommercio','magistrale/EconomiaCommercio',2),(9,'Economia e commercio [L] - 9202','https://corsi.unibo.it/laurea/EconomiaCommercio','laurea/EconomiaCommercio',3),(10,'Economia e diritto [LM] - 9221','https://corsi.unibo.it/magistrale/EconomiaDiritto','magistrale/EconomiaDiritto',2),(11,'Economia e management [LM] - 9203','https://corsi.unibo.it/magistrale/EconomiaManagement','magistrale/EconomiaManagement',2),(12,'Economia e politica economica [LM] - 8420','https://corsi.unibo.it/magistrale/EconomiaPoliticaEconomica','magistrale/EconomiaPoliticaEconomica',2),(13,'Economia e professione [LM] - 0900','https://corsi.unibo.it/magistrale/EconomiaProfessione','magistrale/EconomiaProfessione',2),(14,'Economia, mercati e istituzioni [L] - 8038','https://corsi.unibo.it/laurea/EconomiaMercatiIstituzioni','laurea/EconomiaMercatiIstituzioni',3),(15,'Economics [LM] - 8408','https://corsi.unibo.it/2cycle/lmec','2cycle/lmec',2),(16,'Economics and finance  [L] - 8835','https://corsi.unibo.it/1cycle/EconomicsFinance','1cycle/EconomicsFinance',3),(17,'Economics, politics and social sciences [L] - 5819','https://corsi.unibo.it/1cycle/EconomicsPoliticsSocialSciences','1cycle/EconomicsPoliticsSocialSciences',0),(18,'Finanza, intermediari e mercati [LM] - 0901','https://corsi.unibo.it/magistrale/FinanzaIntermediariMercati','magistrale/FinanzaIntermediariMercati',2),(19,'Health economics and management  [LM] - 8880','https://corsi.unibo.it/2cycle/euHealthEconomicsManagement','2cycle/euHealthEconomicsManagement',2),(20,'Innovation and organization of culture and the arts [LM] - 0902','https://corsi.unibo.it/2cycle/gioca','2cycle/gioca',2),(21,'International politics and economics [LM] - 5702','https://corsi.unibo.it/2cycle/InternationalPoliticsEconomics','2cycle/InternationalPoliticsEconomics',1),(22,'Law, economics and governance [LM] - 5811','https://corsi.unibo.it/2cycle/LawEconomicsGovernance','2cycle/LawEconomicsGovernance',0),(23,'Management dell\'economia sociale [LM] - 8843','https://corsi.unibo.it/magistrale/EconomiaSociale','magistrale/EconomiaSociale',2),(24,'Management e marketing [L] - 8406','https://corsi.unibo.it/laurea/ManagementMarketing','laurea/ManagementMarketing',3),(25,'Resource economics and sustainable development  [LM] - 8839','https://corsi.unibo.it/2cycle/ResourceEconomicsSustainableDevelopment','2cycle/ResourceEconomicsSustainableDevelopment',2),(26,'Tourism economics and management  [LM] - 8609','https://corsi.unibo.it/2cycle/team','2cycle/team',2),(27,'Bioinformatics [LM] - 8020','https://corsi.unibo.it/2cycle/Bioinformatics','2cycle/Bioinformatics',2),(28,'Biologia della salute [LM] - 5729','https://corsi.unibo.it/magistrale/BiologiaSalute-Imola','magistrale/BiologiaSalute-Imola',1),(29,'Biologia della salute [LM] - 9212','https://corsi.unibo.it/magistrale/BiologiaSalute','magistrale/BiologiaSalute',2),(30,'Biotecnologie [L] - 8005','https://corsi.unibo.it/laurea/Biotecnologie','laurea/Biotecnologie',3),(31,'Biotecnologie molecolari e industriali [LM] - 9213','https://corsi.unibo.it/magistrale/BiotecnologieMolecolarieIndustriali','magistrale/BiotecnologieMolecolarieIndustriali',2),(32,'Chimica e tecnologia farmaceutiche [LMCU] - 9262','https://corsi.unibo.it/magistralecu/CTF','magistralecu/CTF',5),(33,'Farmacia [LMCU] - 9219','https://corsi.unibo.it/magistralecu/Farmacia-Bologna','magistralecu/Farmacia-Bologna',5),(34,'Genomics [L] - 9211','https://corsi.unibo.it/1cycle/Genomics','1cycle/Genomics',3),(35,'Molecular and cell biology [LM] - 5825','https://corsi.unibo.it/magistrale/BiologiaMolecolareCellulare','magistrale/BiologiaMolecolareCellulare',2),(36,'Pharmaceutical biotechnology [LM] - 9068','https://corsi.unibo.it/magistrale/PharmaceuticalBiotechnology','magistrale/PharmaceuticalBiotechnology',2),(37,'Pharmacy [LMCU] - 9078','https://corsi.unibo.it/magistralecu/Pharmacy-Rimini','magistralecu/Pharmacy-Rimini',5),(38,'Scienze farmaceutiche applicate [L] - 8518','https://corsi.unibo.it/laurea/ScienzeFarmaceutiche','laurea/ScienzeFarmaceutiche',3),(39,'Consulente del lavoro e delle relazioni aziendali [L] - 9230','https://corsi.unibo.it/laurea/ConsulenteLavoroRelazioniAziendali','laurea/ConsulenteLavoroRelazioniAziendali',3),(40,'Giurisprudenza [LMCU] - 9232','https://corsi.unibo.it/magistralecu/Giurisprudenza-Bologna','magistralecu/Giurisprudenza-Bologna',5),(41,'Giurisprudenza [LMCU] - 9233','https://corsi.unibo.it/magistralecu/Giurisprudenza-Ravenna','magistralecu/Giurisprudenza-Ravenna',5),(42,'Giurista per le imprese e per la pubblica amministrazione [L] - 9242','https://corsi.unibo.it/laurea/GiuristaImpresa','laurea/GiuristaImpresa',3),(43,'Legal studies [LM] - 9062','https://corsi.unibo.it/2cycle/legal-studies','2cycle/legal-studies',2),(44,'Advanced automotive electronic engineering [LM] - 9238','https://corsi.unibo.it/2cycle/AutomotiveElectronicEngineering','2cycle/AutomotiveElectronicEngineering',2),(45,'Advanced automotive engineering [LM] - 9239','https://corsi.unibo.it/2cycle/AutomotiveEngineering','2cycle/AutomotiveEngineering',2),(46,'Advanced design [LM] - 9256','https://corsi.unibo.it/magistrale/AdvancedDesign','magistrale/AdvancedDesign',2),(47,'Aerospace engineering [LM] - 5723','https://corsi.unibo.it/2cycle/AerospaceEngineering','2cycle/AerospaceEngineering',2),(48,'Architecture and creative practices for the city and landscape [LM] - 5809','https://corsi.unibo.it/2cycle/ArchitectureCreativePractices','2cycle/ArchitectureCreativePractices',0),(49,'Architettura [LMCU] - 9265','https://corsi.unibo.it/magistralecu/architettura','magistralecu/architettura',5),(50,'Architettura-ingegneria [L] - 5695','https://corsi.unibo.it/laurea/ArchitetturaIngegneria','laurea/ArchitetturaIngegneria',1),(51,'Artificial intelligence [LM] - 9063','https://corsi.unibo.it/2cycle/artificial-intelligence','2cycle/artificial-intelligence',2),(52,'Automation engineering  [LM] - 8891','https://corsi.unibo.it/2cycle/AutomationEngineering','2cycle/AutomationEngineering',2),(53,'Biomedical engineering [LM] - 9266','https://corsi.unibo.it/magistrale/IngegneriaBiomedica','magistrale/IngegneriaBiomedica',2),(54,'Civil engineering [LM] - 8895','https://corsi.unibo.it/2cycle/CivilEngineering','2cycle/CivilEngineering',2),(55,'Design del prodotto industriale [L] - 8182','https://corsi.unibo.it/laurea/DesignProdottoIndustriale','laurea/DesignProdottoIndustriale',3),(56,'Digital transformation management [LM] - 5815','https://corsi.unibo.it/2cycle/DigitalTransformationManagement','2cycle/DigitalTransformationManagement',0),(57,'Electric vehicle engineering [LM] - 5699','https://corsi.unibo.it/2cycle/ElectricVehicleEngineering','2cycle/ElectricVehicleEngineering',1),(58,'Ingegneria aerospaziale [L] - 9234','https://corsi.unibo.it/laurea/IngegneriaAerospaziale','laurea/IngegneriaAerospaziale',3),(59,'Ingegneria biomedica [L] - 9082','https://corsi.unibo.it/laurea/IngegneriaBiomedica','laurea/IngegneriaBiomedica',3),(60,'Ingegneria chimica e biochimica [L] - 8887','https://corsi.unibo.it/laurea/IngegneriaChimicaBiochimica','laurea/IngegneriaChimicaBiochimica',3),(61,'Ingegneria chimica e di processo [LM] - 8896','https://corsi.unibo.it/magistrale/IngegneriaChimicaProcesso','magistrale/IngegneriaChimicaProcesso',2),(62,'Ingegneria civile [LM] - 0930','https://corsi.unibo.it/magistrale/civile','magistrale/civile',2),(63,'Ingegneria civile [L] - 8888','https://corsi.unibo.it/laurea/IngegneriaCivile','laurea/IngegneriaCivile',3),(64,'Ingegneria dei processi e dei sistemi edilizi [LM] - 8829','https://corsi.unibo.it/magistrale/IngegneriaSistemiProcessiEdilizi','magistrale/IngegneriaSistemiProcessiEdilizi',2),(65,'Ingegneria dell\'automazione [L] - 9217','https://corsi.unibo.it/laurea/IngegneriaAutomazione','laurea/IngegneriaAutomazione',3),(66,'Ingegneria dell\'energia elettrica [L] - 5822','https://corsi.unibo.it/laurea/elettrica','laurea/elettrica',3),(67,'Ingegneria dell\'energia elettrica [LM] - 9066','https://corsi.unibo.it/magistrale/elettrica','magistrale/elettrica',2),(68,'Ingegneria e scienze informatiche [LM] - 8614','https://corsi.unibo.it/magistrale/IngegneriaScienzeInformatiche','magistrale/IngegneriaScienzeInformatiche',2),(69,'Ingegneria e scienze informatiche [L] - 8615','https://corsi.unibo.it/laurea/IngegneriaScienzeInformatiche','laurea/IngegneriaScienzeInformatiche',3),(70,'Ingegneria edile [L] - 9199','https://corsi.unibo.it/laurea/IngegneriaEdile','laurea/IngegneriaEdile',3),(71,'Ingegneria edile-architettura [LM] - 5697','https://corsi.unibo.it/2cycle/ArchitectureEngineering','2cycle/ArchitectureEngineering',1),(72,'Ingegneria elettronica [LM] - 0934','https://corsi.unibo.it/magistrale/elettronica','magistrale/elettronica',2),(73,'Ingegneria elettronica [L] - 5834','https://corsi.unibo.it/laurea/IngegneriaElettronicaEnergiaInformazione','laurea/IngegneriaElettronicaEnergiaInformazione',3),(74,'Ingegneria elettronica e telecomunicazioni [L] - 9065','https://corsi.unibo.it/laurea/ElettronicaTelecomunicazioni','laurea/ElettronicaTelecomunicazioni',3),(75,'Ingegneria elettronica e telecomunicazioni per l\'energia [LM] - 8770','https://corsi.unibo.it/magistrale/IngegneriaElettronicaTelecomunicazioniEnergia','magistrale/IngegneriaElettronicaTelecomunicazioniEnergia',2),(76,'Ingegneria energetica [L] - 0924','https://corsi.unibo.it/laurea/IngegneriaEnergetica','laurea/IngegneriaEnergetica',3),(77,'Ingegneria energetica [LM] - 0935','https://corsi.unibo.it/magistrale/IngegneriaEnergetica','magistrale/IngegneriaEnergetica',2),(78,'Ingegneria gestionale [L] - 0925','https://corsi.unibo.it/laurea/IngegneriaGestionale','laurea/IngegneriaGestionale',3),(79,'Ingegneria gestionale [LM] - 0936','https://corsi.unibo.it/magistrale/IngegneriaGestionale','magistrale/IngegneriaGestionale',2),(80,'Ingegneria informatica [LM] - 5826','https://corsi.unibo.it/magistrale/ingegneriainformatica','magistrale/ingegneriainformatica',2),(81,'Ingegneria informatica [L] - 9254','https://corsi.unibo.it/laurea/IngegneriaInformatica','laurea/IngegneriaInformatica',3),(82,'Ingegneria meccanica [L] - 0927','https://corsi.unibo.it/laurea/IngegneriaMeccanica-Bologna','laurea/IngegneriaMeccanica-Bologna',3),(83,'Ingegneria meccanica [L] - 0949','https://corsi.unibo.it/laurea/IngegneriaMeccanicaForli','laurea/IngegneriaMeccanicaForli',3),(84,'Ingegneria meccanica [LM] - 5724','https://corsi.unibo.it/magistrale/IngegneriaMeccanica-Bologna','magistrale/IngegneriaMeccanica-Bologna',2),(85,'Ingegneria meccanica [LM] - 8771','https://corsi.unibo.it/magistrale/IngegneriaMeccanica-Forli','magistrale/IngegneriaMeccanica-Forli',2),(86,'Ingegneria per l\'ambiente e il territorio [LM] - 8894','https://corsi.unibo.it/magistrale/IngegneriAmbienteTerritorio','magistrale/IngegneriAmbienteTerritorio',2),(87,'Ingegneria per l\'ambiente e il territorio [L] - 9198','https://corsi.unibo.it/laurea/IngegneriAmbienTerritorio','laurea/IngegneriAmbienTerritorio',3),(88,'Meccatronica [L] - 5818','https://corsi.unibo.it/laurea/meccatronica','laurea/meccatronica',0),(89,'Offshore engineering [LM] - 9249','https://corsi.unibo.it/2cycle/OffshoreEngineering','2cycle/OffshoreEngineering',2),(90,'Tecniche per l\'edilizia e il territorio [L] - 5817','https://corsi.unibo.it/laurea/TecnicheEdiliziaTerritorio','laurea/TecnicheEdiliziaTerritorio',0),(91,'Tecnologie dei sistemi informatici [L] - 5816','https://corsi.unibo.it/laurea/TecnologieSistemiInformatici','laurea/TecnologieSistemiInformatici',0),(92,'Telecommunications engineering [LM] - 9205','https://corsi.unibo.it/2cycle/TelecommunicationsEngineering','2cycle/TelecommunicationsEngineering',2),(93,'Interpretazione [LM] - 8060','https://corsi.unibo.it/magistrale/Interpretazione','magistrale/Interpretazione',2),(94,'Language, society and communication  [LM] - 8874','https://corsi.unibo.it/2cycle/LanguageSocietyCommunication','2cycle/LanguageSocietyCommunication',2),(95,'Letterature moderne, comparate e postcoloniali [LM] - 0981','https://corsi.unibo.it/magistrale/LetteratureModerneComparatePostcoloniali','magistrale/LetteratureModerneComparatePostcoloniali',2),(96,'Lingua e cultura italiane per stranieri [LM] - 0983','https://corsi.unibo.it/magistrale/LinguaCulturaItalianePerStranieri','magistrale/LinguaCulturaItalianePerStranieri',2),(97,'Lingue e letterature straniere [L] - 0979','https://corsi.unibo.it/laurea/LingueLetteratureStraniere','laurea/LingueLetteratureStraniere',3),(98,'Lingue, mercati e culture dell\'Asia e dell\'Africa mediterranea [L] - 9264','https://corsi.unibo.it/laurea/LingueMercatiCultureAsia','laurea/LingueMercatiCultureAsia',3),(99,'Mediazione linguistica interculturale [L] - 8059','https://corsi.unibo.it/laurea/MediazioneLinguisticaInterculturale','laurea/MediazioneLinguisticaInterculturale',3),(100,'Specialized translation [LM] - 9174','https://corsi.unibo.it/2cycle/SpecializedTranslation','2cycle/SpecializedTranslation',2),(101,'Dietistica (abilitante alla professione sanitaria di dietista) [L] - 8470','https://corsi.unibo.it/laurea/Dietistica','laurea/Dietistica',3),(102,'Educazione professionale (abilitante alla professione sanitaria di educatore professionale) [L] - 8477','https://corsi.unibo.it/laurea/EducazioneProfessionale','laurea/EducazioneProfessionale',3),(103,'Fisioterapia (abilitante alla professione sanitaria di fisioterapista) [L] - 8476','https://corsi.unibo.it/laurea/fisioterapia','laurea/fisioterapia',3),(104,'Igiene dentale (abilitante alla professione sanitaria di igienista dentale) [L] - 8481','https://corsi.unibo.it/laurea/IgieneDentale','laurea/IgieneDentale',3),(105,'Infermieristica (abilitante alla professione sanitaria di infermiere) [L] - 8473','https://corsi.unibo.it/laurea/Infermieristica','laurea/Infermieristica',3),(106,'Infermieristica (abilitante alla professione sanitaria di infermiere) [L] - 8474','https://corsi.unibo.it/laurea/Infermieristica-Ravenna','laurea/Infermieristica-Ravenna',3),(107,'Infermieristica (abilitante alla professione sanitaria di infermiere) [L] - 8475','https://corsi.unibo.it/laurea/Infermieristica-Rimini','laurea/Infermieristica-Rimini',3),(108,'Logopedia (abilitante alla professione sanitaria di logopedista) [L] - 9080','https://corsi.unibo.it/laurea/Logopedia','laurea/Logopedia',3),(109,'Medical biotechnology [LM] - 9081','https://corsi.unibo.it/magistrale/MedicalBiotechnology','magistrale/MedicalBiotechnology',2),(110,'Medicina e chirurgia [LMCU] - 5708','https://corsi.unibo.it/magistralecu/MedicinaChirurgia-Ravenna','magistralecu/MedicinaChirurgia-Ravenna',1),(111,'Medicina e chirurgia [LMCU] - 5709','https://corsi.unibo.it/magistralecu/MedicinaChirurgia-Forli','magistralecu/MedicinaChirurgia-Forli',1),(112,'Medicina e chirurgia [LMCU] - 8415','https://corsi.unibo.it/magistralecu/MedicinaChirurgia','magistralecu/MedicinaChirurgia',6),(113,'Medicine and surgery [LMCU] - 9210','https://corsi.unibo.it/singlecycle/MedicineAndSurgery','singlecycle/MedicineAndSurgery',4),(114,'Odontoiatria e protesi dentaria [LMCU] - 8204','https://corsi.unibo.it/magistralecu/Odontoiatria','magistralecu/Odontoiatria',6),(115,'Ostetricia (abilitante alla professione sanitaria di ostetrica [L] - 9201','https://corsi.unibo.it/laurea/ostetricia','laurea/ostetricia',3),(116,'Podologia (abilitante alla professione sanitaria di podologo) [L] - 8479','https://corsi.unibo.it/laurea/Podologia','laurea/Podologia',3),(117,'Scienze delle professioni sanitarie della prevenzione [LM] - 8878','https://corsi.unibo.it/magistrale/ScienzePrevenzione','magistrale/ScienzePrevenzione',3),(118,'Scienze infermieristiche e ostetriche [LM] - 8488','https://corsi.unibo.it/magistrale/ScienzeInfermieristicheOstetriche','magistrale/ScienzeInfermieristicheOstetriche',2),(119,'Tecniche della prevenzione nell\'ambiente e nei luoghi di lavoro (abilitante alla professione sanitaria di tecnico della prevenzione nell\'ambiente e nei luoghi di lavoro) [L] - 8487','https://corsi.unibo.it/laurea/PrevenzioneAmbienteLavoro','laurea/PrevenzioneAmbienteLavoro',3),(120,'Tecniche di laboratorio biomedico (abilitante alla professione sanitaria di tecnico di laboratorio biomedico) [L] - 8484','https://corsi.unibo.it/laurea/tlb-bologna','laurea/tlb-bologna',3),(121,'Tecniche di neurofisiopatologia (abilitante alla professione sanitaria di tecnico di neurofisiopatologia) [L] - 8482','https://corsi.unibo.it/laurea/Neurofisiopatologia','laurea/Neurofisiopatologia',3),(122,'Tecniche di radiologia medica, per immagini e radioterapia (abilitante alla professione sanitaria di tecnico di radiologia medica) [L] - 9079','https://corsi.unibo.it/laurea/TecnicheRadiologiaMedica','laurea/TecnicheRadiologiaMedica',3),(123,'Tecniche ortopediche (abilitante alla professione sanitaria di tecnico ortopedico) [L] - 8483','https://corsi.unibo.it/laurea/TecnicheOrtopediche','laurea/TecnicheOrtopediche',3),(124,'Acquacoltura e igiene delle produzioni ittiche [L] - 8834','https://corsi.unibo.it/laurea/acquacoltura','laurea/acquacoltura',3),(125,'Biotecnologie animali [LM] - 8522','https://corsi.unibo.it/magistrale/BiotecnologieAnimali','magistrale/BiotecnologieAnimali',2),(126,'Food animal metabolism and management in the circular economy [LM] - 5814','https://corsi.unibo.it/2cycle/FoodAnimalMetabolismManagement','2cycle/FoodAnimalMetabolismManagement',0),(127,'Medicina veterinaria [LMCU] - 8617','https://corsi.unibo.it/magistralecu/MedicinaVeterinaria','magistralecu/MedicinaVeterinaria',5),(128,'Sicurezza e qualità delle produzioni animali [LM] - 5728','https://corsi.unibo.it/magistrale/ProduzioniAnimali','magistrale/ProduzioniAnimali',2),(129,'Neuroscienze e riabilitazione neuropsicologica [LM] - 0989','https://corsi.unibo.it/magistrale/Neuroscienze','magistrale/Neuroscienze',2),(130,'Psicologia clinica [LM] - 0990','https://corsi.unibo.it/magistrale/PsicologiaClinica','magistrale/PsicologiaClinica',2),(131,'Psicologia cognitiva applicata [LM] - 0991','https://corsi.unibo.it/magistrale/PsicologiaCognitivaApplicata','magistrale/PsicologiaCognitivaApplicata',2),(132,'Psicologia scolastica e di comunità [LM] - 0993','https://corsi.unibo.it/magistrale/PsicologiaScolasticaComunita','magistrale/PsicologiaScolasticaComunita',2),(133,'Psychology of wellbeing and social inclusivity [LM] - 5700','https://corsi.unibo.it/2cycle/PsychologyWellbeingInclusivity','2cycle/PsychologyWellbeingInclusivity',1),(134,'Scienze e tecniche psicologiche [L] - 8774','https://corsi.unibo.it/laurea/ScienzeTecnichePsicologiche','laurea/ScienzeTecnichePsicologiche',3),(135,'Work, organizational and personnel psychology [LM] - 5829','https://corsi.unibo.it/2cycle/OrganizationalPsychology','2cycle/OrganizationalPsychology',2),(136,'Advanced cosmetic sciences [LM] - 9225','https://corsi.unibo.it/2cycle/AdvancedCosmeticSciences','2cycle/AdvancedCosmeticSciences',2),(137,'Advanced methods in particle physics [LM] - 5810','https://corsi.unibo.it/2cycle/ParticlePhysics','2cycle/ParticlePhysics',0),(138,'Advanced spectroscopy in chemistry [LM] - 5706','https://corsi.unibo.it/2cycle/AdvancedSpectroscopyChemistry','2cycle/AdvancedSpectroscopyChemistry',0),(139,'Analisi e gestione dell\'ambiente [LM] - 8418','https://corsi.unibo.it/magistrale/AnalisiGestioneAmbiente','magistrale/AnalisiGestioneAmbiente',2),(140,'Artificial intelligence [LM] - 9063','https://corsi.unibo.it/2cycle/artificial-intelligence','2cycle/artificial-intelligence',2),(141,'Astronomia [L] - 8004','https://corsi.unibo.it/laurea/Astronomia','laurea/Astronomia',3),(142,'Astrophysics and cosmology [LM] - 5828','https://corsi.unibo.it/magistrale/Astrofisica','magistrale/Astrofisica',2),(143,'Biodiversità ed evoluzione [LM] - 5824','https://corsi.unibo.it/magistrale/evoluzione','magistrale/evoluzione',2),(144,'Biologia marina [LM] - 8857','https://corsi.unibo.it/magistrale/BiologiaMarina','magistrale/BiologiaMarina',2),(145,'Chemical innovation and regulation [LM] - 5701','https://corsi.unibo.it/2cycle/ChemicaInnovationRegulation','2cycle/ChemicaInnovationRegulation',0),(146,'Chimica [LM] - 9072','https://corsi.unibo.it/magistrale/Chimica','magistrale/Chimica',2),(147,'Chimica e chimica dei materiali [L] - 8006','https://corsi.unibo.it/laurea/chimica','laurea/chimica',3),(148,'Chimica e tecnologie per l\'ambiente e per i materiali [L] - 8514','https://corsi.unibo.it/laurea/ChimicaAmbiente','laurea/ChimicaAmbiente',3),(149,'Chimica e tecnologie per l\'ambiente e per i materiali [L] - 8515','https://corsi.unibo.it/laurea/ChimicaMateriali','laurea/ChimicaMateriali',3),(150,'Chimica industriale [LM] - 0884','https://corsi.unibo.it/magistrale/ChimicaIndustriale','magistrale/ChimicaIndustriale',2),(151,'Chimica industriale [L] - 8513','https://corsi.unibo.it/laurea/ChimicaIndustriale','laurea/ChimicaIndustriale',3),(152,'Didattica e comunicazione delle scienze naturali [LM] - 5704','https://corsi.unibo.it/magistrale/DidatticaComunicazioneScienzeNaturali','magistrale/DidatticaComunicazioneScienzeNaturali',1),(153,'Digital transformation management [LM] - 5815','https://corsi.unibo.it/2cycle/DigitalTransformationManagement','2cycle/DigitalTransformationManagement',0),(154,'Fisica [L] - 9244','https://corsi.unibo.it/laurea/fisica','laurea/fisica',3),(155,'Fisica del sistema Terra [LM] - 8626','https://corsi.unibo.it/magistrale/FisicaSistemaTerra','magistrale/FisicaSistemaTerra',2),(156,'Geologia e territorio [LM] - 9073','https://corsi.unibo.it/magistrale/GeologiaTerritorio','magistrale/GeologiaTerritorio',2),(157,'Informatica [L] - 8009','https://corsi.unibo.it/laurea/informatica','laurea/informatica',3),(158,'Informatica [LM] - 8028','https://corsi.unibo.it/magistrale/informatica','magistrale/informatica',2),(159,'Informatica per il management [L] - 8014','https://corsi.unibo.it/laurea/InformaticaManagement','laurea/InformaticaManagement',3),(160,'Ingegneria e scienze informatiche [LM] - 8614','https://corsi.unibo.it/magistrale/IngegneriaScienzeInformatiche','magistrale/IngegneriaScienzeInformatiche',2),(161,'Ingegneria e scienze informatiche [L] - 8615','https://corsi.unibo.it/laurea/IngegneriaScienzeInformatiche','laurea/IngegneriaScienzeInformatiche',3),(162,'Low carbon technologies and sustainable chemistry [LM] - 9246','https://corsi.unibo.it/2cycle/LowCarbonTechnologiesChemistry','2cycle/LowCarbonTechnologiesChemistry',2),(163,'Matematica [LM] - 5827','https://corsi.unibo.it/magistrale/matematica','magistrale/matematica',2),(164,'Matematica [L] - 8010','https://corsi.unibo.it/laurea/matematica','laurea/matematica',3),(165,'Photochemistry and molecular materials [LM] - 9074','https://corsi.unibo.it/2cycle/PhotochemistryMolecularMaterials','2cycle/PhotochemistryMolecularMaterials',2),(166,'Physics [LM] - 9245','https://corsi.unibo.it/2cycle/Physics','2cycle/Physics',2),(167,'Science for the conservation - restoration of cultural heritage [LM] - 8537','https://corsi.unibo.it/2cycle/ScienceForConservation','2cycle/ScienceForConservation',2),(168,'Scienze ambientali [L] - 8011','https://corsi.unibo.it/laurea/ScienzeAmbientali','laurea/ScienzeAmbientali',3),(169,'Scienze biologiche [L] - 8012','https://corsi.unibo.it/laurea/ScienzeBiologiche','laurea/ScienzeBiologiche',3),(170,'Scienze e gestione della natura [LM] - 9257','https://corsi.unibo.it/magistrale/ScienzeGestioneNatura','magistrale/ScienzeGestioneNatura',2),(171,'Scienze geologiche [L] - 8015','https://corsi.unibo.it/laurea/ScienzeGeologiche','laurea/ScienzeGeologiche',3),(172,'Scienze naturali [L] - 5823','https://corsi.unibo.it/laurea/ScienzeNaturali','laurea/ScienzeNaturali',3),(173,'Scienze statistiche [L] - 8873','https://corsi.unibo.it/laurea/ScienzeStatistiche','laurea/ScienzeStatistiche',3),(174,'Economia e marketing nel sistema agro-industriale [L] - 5833','https://corsi.unibo.it/laurea/EconomiaMarketingAgroIndustriale','laurea/EconomiaMarketingAgroIndustriale',3),(175,'Food safety and food risk management [LM] - 9140','https://corsi.unibo.it/2cycle/food-safety-risk-management','2cycle/food-safety-risk-management',2),(176,'International horticultural science  [LM] - 8883','https://corsi.unibo.it/2cycle/InternationalHorticulturalScience','2cycle/InternationalHorticulturalScience',2),(177,'Precise and sustainable agriculture [LM] - 5705','https://corsi.unibo.it/2cycle/PreciseSustainableAgriculture','2cycle/PreciseSustainableAgriculture',1),(178,'Produzioni animali [L] - 8882','https://corsi.unibo.it/laurea/ProduzioniAnimali','laurea/ProduzioniAnimali',3),(179,'Progettazione e gestione degli ecosistemi agro-territoriali, forestali e del paesaggio [LM] - 8532','https://corsi.unibo.it/magistrale/ProgettazioneGestioneEcosistemi','magistrale/ProgettazioneGestioneEcosistemi',2),(180,'Scienze e cultura della gastronomia [L] - 5808','https://corsi.unibo.it/laurea/ScienzeCulturaGastronomia','laurea/ScienzeCulturaGastronomia',0),(181,'Scienze e tecnologie agrarie [LM] - 9235','https://corsi.unibo.it/magistrale/ScienzeTecnologieAgrarie','magistrale/ScienzeTecnologieAgrarie',2),(182,'Scienze e tecnologie alimentari [LM] - 8531','https://corsi.unibo.it/magistrale/ScienzeTecnologieAlimentari','magistrale/ScienzeTecnologieAlimentari',2),(183,'Scienze e tecnologie per il verde e il paesaggio [L] - 5830','https://corsi.unibo.it/laurea/verdepaesaggio','laurea/verdepaesaggio',3),(184,'Tecnologie agrarie [L] - 5832','https://corsi.unibo.it/laurea/TecnologieAgrarie','laurea/TecnologieAgrarie',3),(185,'Tecnologie alimentari [L] - 8528','https://corsi.unibo.it/laurea/TecnologieAlimentari','laurea/TecnologieAlimentari',3),(186,'Tecnologie per il territorio e l\'ambiente agro-forestale [L] - 5831','https://corsi.unibo.it/laurea/ScienzeTerritorioAmbiente','laurea/ScienzeTerritorioAmbiente',3),(187,'Viticoltura ed enologia [L] - 8527','https://corsi.unibo.it/laurea/ViticolturaEnologia','laurea/ViticolturaEnologia',3),(188,'Educatore nei servizi per l\'infanzia [L] - 9083','https://corsi.unibo.it/laurea/EducatoreServiziInfanzia','laurea/EducatoreServiziInfanzia',3),(189,'Educatore sociale e culturale [L] - 5726','https://corsi.unibo.it/laurea/EducatoreSocialeCulturaleBologna','laurea/EducatoreSocialeCulturaleBologna',3),(190,'Educatore sociale e culturale [L] - 5727','https://corsi.unibo.it/laurea/EducatoreSocialeCulturale-Rimini','laurea/EducatoreSocialeCulturale-Rimini',3),(191,'Pedagogia [LM] - 9206','https://corsi.unibo.it/magistrale/Pedagogia','magistrale/Pedagogia',2),(192,'Progettazione e gestione dell\'intervento educativo nel disagio sociale [LM] - 9228','https://corsi.unibo.it/magistrale/InterventoEducativoDisagioSociale','magistrale/InterventoEducativoDisagioSociale',2),(193,'Progettazione e gestione dell\'intervento educativo nel disagio sociale [LM] - 9229','https://corsi.unibo.it/magistrale/InterventoEducativoDisagioSocialeRimini','magistrale/InterventoEducativoDisagioSocialeRimini',2),(194,'Scienze dell\'educazione permanente e della formazione continua [LM] - 8780','https://corsi.unibo.it/magistrale/ScienzeEducazionePermanente','magistrale/ScienzeEducazionePermanente',2),(195,'Scienze della formazione primaria [LMCU] - 5711','https://corsi.unibo.it/magistralecu/ScienzeFormazionePrimaria','magistralecu/ScienzeFormazionePrimaria',5),(196,'Management delle attività motorie e sportive [LM] - 9214','https://corsi.unibo.it/magistrale/ManagementSport-Bologna','magistrale/ManagementSport-Bologna',2),(197,'Nutrizione umana, benessere e salute [LM] - 5812','https://corsi.unibo.it/magistrale/NutrizioneBenessereSalute','magistrale/NutrizioneBenessereSalute',0),(198,'Scienze delle attività motorie e sportive [L] - 8512','https://corsi.unibo.it/laurea/ScienzeMotorieSportive','laurea/ScienzeMotorieSportive',3),(199,'Scienze delle attività motorie e sportive [L] - 8766','https://corsi.unibo.it/laurea/ScienzeMotorieSportive-Rimini','laurea/ScienzeMotorieSportive-Rimini',3),(200,'Scienze e tecniche dell\'attività motoria preventiva e adattata [LM] - 9263','https://corsi.unibo.it/magistrale/AttivitaMotoriaPreventivaAdattata-Rimini','magistrale/AttivitaMotoriaPreventivaAdattata-Rimini',0),(201,'Scienze e tecniche dell\'attività sportiva [LM] - 9069','https://corsi.unibo.it/magistrale/ScienzeTecnicheAttivitaSportiva','magistrale/ScienzeTecnicheAttivitaSportiva',2),(202,'Wellness, sport and health [LM] - 5813','https://corsi.unibo.it/2cycle/WellnessSportHealth','2cycle/WellnessSportHealth',0),(203,'Comunicazione giornalistica, pubblica e d\'impresa [LM] - 5703','https://corsi.unibo.it/magistrale/ComunicazionePubblicaImpresa','magistrale/ComunicazionePubblicaImpresa',2),(204,'Economics, politics and social sciences [L] - 5819','https://corsi.unibo.it/1cycle/EconomicsPoliticsSocialSciences','1cycle/EconomicsPoliticsSocialSciences',0),(205,'Interdisciplinary research and studies on eastern europe [LM] - 8049','https://corsi.unibo.it/2cycle/mirees','2cycle/mirees',2),(206,'International cooperation on human rights and intercultural heritage [LM] - 9237','https://corsi.unibo.it/2cycle/InternationalCooperation','2cycle/InternationalCooperation',2),(207,'International politics and economics [LM] - 5702','https://corsi.unibo.it/2cycle/InternationalPoliticsEconomics','2cycle/InternationalPoliticsEconomics',1),(208,'International relations [LM] - 9084','https://corsi.unibo.it/magistrale/InternationalRelations','magistrale/InternationalRelations',2),(209,'Mass media e politica [LM] - 8051','https://corsi.unibo.it/magistrale/MassMediaPolitica','magistrale/MassMediaPolitica',2),(210,'Politica, amministrazione e organizzazione [LM] - 9085','https://corsi.unibo.it/magistrale/PoliticaAmministrazioneOrganizzazione','magistrale/PoliticaAmministrazioneOrganizzazione',2),(211,'Scienze internazionali e diplomatiche [L] - 8048','https://corsi.unibo.it/laurea/ScienzeInternazionaliDiplomatiche','laurea/ScienzeInternazionaliDiplomatiche',3),(212,'Scienze internazionali e diplomatiche [LM] - 9247','https://corsi.unibo.it/magistrale/ScienzeInternazionaliDiplomatiche','magistrale/ScienzeInternazionaliDiplomatiche',2),(213,'Scienze politiche, sociali e internazionali [L] - 8853','https://corsi.unibo.it/laurea/ScienzePoliticheSocialiInternazionali','laurea/ScienzePoliticheSocialiInternazionali',3),(214,'Sviluppo e cooperazione internazionale [L] - 8890','https://corsi.unibo.it/laurea/SviluppoCooperazioneInternazionale','laurea/SviluppoCooperazioneInternazionale',3),(215,'Sviluppo locale e globale [LM] - 9200','https://corsi.unibo.it/magistrale/SviluppoLocaleGlobale','magistrale/SviluppoLocaleGlobale',2),(216,'Finanza, assicurazioni e impresa [L] - 8872','https://corsi.unibo.it/laurea/FinanzaAssicurazioniImpresa','laurea/FinanzaAssicurazioniImpresa',3),(217,'Quantitative finance [LM] - 8854','https://corsi.unibo.it/2cycle/Qfinance','2cycle/Qfinance',2),(218,'Scienze statistiche [L] - 8873','https://corsi.unibo.it/laurea/ScienzeStatistiche','laurea/ScienzeStatistiche',3),(219,'Scienze statistiche, finanziarie e attuariali [LM] - 8877','https://corsi.unibo.it/magistrale/ScienzeStatisticheFinanziarieAttuariali','magistrale/ScienzeStatisticheFinanziarieAttuariali',2),(220,'Statistica, economia e impresa [LM] - 8876','https://corsi.unibo.it/magistrale/StatisticaEconomiaImpresa','magistrale/StatisticaEconomiaImpresa',2),(221,'Statistical sciences [LM] - 9222','https://corsi.unibo.it/2cycle/StatisticalSciences','2cycle/StatisticalSciences',2),(222,'Sviluppo e cooperazione internazionale [L] - 8890','https://corsi.unibo.it/laurea/SviluppoCooperazioneInternazionale','laurea/SviluppoCooperazioneInternazionale',3),(223,'Scienze criminologiche per l\'investigazione e la sicurezza [LM] - 8491','https://corsi.unibo.it/magistrale/ScienzeCriminologiche','magistrale/ScienzeCriminologiche',2),(224,'Servizio sociale [L] - 8040','https://corsi.unibo.it/laurea/ServizioSociale','laurea/ServizioSociale',3),(225,'Sociologia [L] - 8495','https://corsi.unibo.it/laurea/SociologiaForli','laurea/SociologiaForli',3),(226,'Sociologia e servizio sociale [LM] - 8786','https://corsi.unibo.it/magistrale/SociologiaServizioSociale','magistrale/SociologiaServizioSociale',2),(227,'Antropologia culturale ed etnologia [LM] - 0964','https://corsi.unibo.it/magistrale/AntropologiaCulturaleEtnologia','magistrale/AntropologiaCulturaleEtnologia',2),(228,'Antropologia, religioni, civiltà orientali [L] - 8493','https://corsi.unibo.it/laurea/ScienzeAntropologiche','laurea/ScienzeAntropologiche',3),(229,'Archeologia e culture del mondo antico [LM] - 8855','https://corsi.unibo.it/magistrale/archeologia','magistrale/archeologia',2),(230,'Arti visive [LM] - 9071','https://corsi.unibo.it/magistrale/artivisive','magistrale/artivisive',2),(231,'Beni archeologici, artistici e del paesaggio: storia, tutela e valorizzazione [LM] - 9218','https://corsi.unibo.it/magistrale/BeniArcheologiciArtisticiPaesaggio','magistrale/BeniArcheologiciArtisticiPaesaggio',2),(232,'Beni culturali [L] - 9076','https://corsi.unibo.it/laurea/BeniCulturali','laurea/BeniCulturali',3),(233,'Cinema, televisione e produzione multimediale [LM] - 0966','https://corsi.unibo.it/magistrale/Cinema','magistrale/Cinema',2),(234,'Conservazione e restauro dei beni culturali (abilitante ai sensi del d. lgs n. 42 [LMCU] - 8616','https://corsi.unibo.it/magistralecu/ConservazioneRestauroBeniculturali','magistralecu/ConservazioneRestauroBeniculturali',5),(235,'Culture e pratiche della moda [L] - 9064','https://corsi.unibo.it/laurea/CulturePraticheModa','laurea/CulturePraticheModa',3),(236,'Dams - discipline delle arti, della musica e dello spettacolo [L] - 5821','https://corsi.unibo.it/laurea/DAMS','laurea/DAMS',3),(237,'Digital humanities and digital knowledge [LM] - 9224','https://corsi.unibo.it/2cycle/DigitalHumanitiesKnowledge','2cycle/DigitalHumanitiesKnowledge',2),(238,'Discipline della musica e del teatro [LM] - 8837','https://corsi.unibo.it/magistrale/DisciplineMusicaTeatro','magistrale/DisciplineMusicaTeatro',2),(239,'Fashion studies [LM] - 9067','https://corsi.unibo.it/2cycle/FashionStudies','2cycle/FashionStudies',2),(240,'Filologia, letteratura e tradizione classica [LM] - 9070','https://corsi.unibo.it/magistrale/FilologiaClassica','magistrale/FilologiaClassica',2),(241,'Filosofia [L] - 9216','https://corsi.unibo.it/laurea/Filosofia','laurea/Filosofia',3),(242,'Geografia e processi territoriali [LM] - 0971','https://corsi.unibo.it/magistrale/GeografiaProcessiTerritoriali','magistrale/GeografiaProcessiTerritoriali',2),(243,'Informazione, culture e organizzazione dei media [LM] - 5698','https://corsi.unibo.it/magistrale/InformazioneCultureOrganizzazioneMedia','magistrale/InformazioneCultureOrganizzazioneMedia',1),(244,'International cooperation on human rights and intercultural heritage [LM] - 9237','https://corsi.unibo.it/2cycle/InternationalCooperation','2cycle/InternationalCooperation',2),(245,'Italianistica, culture letterarie europee, scienze linguistiche [LM] - 9220','https://corsi.unibo.it/magistrale/ItalianisticaCultureLetterarieLinguistica','magistrale/ItalianisticaCultureLetterarieLinguistica',2),(246,'Lettere [L] - 8850','https://corsi.unibo.it/laurea/lettere','laurea/lettere',3),(247,'Progettazione e gestione dei sistemi produttivi audiovisivi e performativi [LM] - 5710','https://corsi.unibo.it/magistrale/SistemiProduttiviAudiovisiviPerformativi','magistrale/SistemiProduttiviAudiovisiviPerformativi',1),(248,'Scienze del libro e del documento [LM] - 9077','https://corsi.unibo.it/magistrale/ScienzeLibro','magistrale/ScienzeLibro',2),(249,'Scienze della comunicazione [L] - 8885','https://corsi.unibo.it/laurea/ScienzeComunicazione','laurea/ScienzeComunicazione',3),(250,'Scienze filosofiche [LM] - 8773','https://corsi.unibo.it/magistrale/ScienzeFilosofiche','magistrale/ScienzeFilosofiche',2),(251,'Scienze storiche e orientalistiche [LM] - 8845','https://corsi.unibo.it/magistrale/ScienzeStoricheOrientalistiche','magistrale/ScienzeStoricheOrientalistiche',2),(252,'Semiotica [LM] - 8886','https://corsi.unibo.it/magistrale/semiotica','magistrale/semiotica',2),(253,'Società e culture del Mediterraneo: istituzioni, sicurezza, ambiente [L] - 5696','https://corsi.unibo.it/laurea/CultureMediterraneo','laurea/CultureMediterraneo',1),(254,'Storia [L] - 0962','https://corsi.unibo.it/laurea/storia','laurea/storia',3);
/*!40000 ALTER TABLE `universita` ENABLE KEYS */;
UNLOCK TABLES;

--
-- Table structure for table `utente`
--

DROP TABLE IF EXISTS `utente`;
/*!40101 SET @saved_cs_client     = @@character_set_client */;
/*!40101 SET character_set_client = utf8 */;
CREATE TABLE `utente` (
  `chat_id` int(11) DEFAULT NULL,
  `corso` text DEFAULT NULL,
  `anno` int(11) DEFAULT NULL,
  `messaggi` int(11) DEFAULT NULL,
  `stato` int(11) DEFAULT NULL,
  `nick` text DEFAULT NULL,
  `last_seen` datetime DEFAULT NULL,
  `oggi` text DEFAULT NULL,
  `domani` text DEFAULT NULL
) ENGINE=InnoDB DEFAULT CHARSET=utf8mb4;
/*!40101 SET character_set_client = @saved_cs_client */;

--
-- Dumping data for table `utente`
--

LOCK TABLES `utente` WRITE;
/*!40000 ALTER TABLE `utente` DISABLE KEYS */;
INSERT INTO `utente` VALUES (391175417,'https://corsi.unibo.it/laurea/IngegneriaElettronicaEnergiaInformazione/orario-lezioni/',2,917,4,'Mattia~','2021-05-08 21:10:00','7:00 ','20:00 '),(1681923334,'https://corsi.unibo.it/laurea/ScienzeTecnichePsicologiche/orario-lezioni/',2,13,4,'apple','2021-04-26 15:55:00',NULL,'22:30 '),(398112974,'https://corsi.unibo.it/laurea/IngegneriaScienzeInformatiche/orario-lezioni/',2,46,4,'mars','2021-05-05 16:41:00',NULL,NULL),(1386123014,'https://corsi.unibo.it/laurea/IngegneriaElettronicaEnergiaInformazione/orario-lezioni/',2,8,4,'Laura','2021-04-20 18:06:00',NULL,NULL),(678532406,'https://corsi.unibo.it/laurea/IngegneriaScienzeInformatiche/orario-lezioni/',2,73,4,'Mega','2021-05-08 07:03:00','7:45 ',NULL),(774121785,'https://corsi.unibo.it/laurea/IngegneriaElettronicaEnergiaInformazione/orario-lezioni/',1,33,4,'Klevis','2021-05-07 08:03:00','8:00 ','20:00 '),(160022329,'https://corsi.unibo.it/laurea/IngegneriaElettronicaEnergiaInformazione/orario-lezioni/',2,16,4,'Giorgia','2021-04-26 09:34:00','12:00 ','12:10 '),(757060330,'https://corsi.unibo.it/laurea/IngegneriaElettronicaEnergiaInformazione/orario-lezioni/',2,10,4,'Ale (Z4nti)','2021-04-27 20:57:00','8:00 ',NULL),(1102112622,'https://corsi.unibo.it/laurea/IngegneriaScienzeInformatiche/orario-lezioni/',2,12,4,'Ina','2021-05-03 08:39:00','8:30 ',NULL),(727724667,'https://corsi.unibo.it/laurea/IngegneriaAerospaziale/orario-lezioni/',3,11,4,'Mattia','2021-05-04 21:50:00',NULL,NULL),(927964027,'https://corsi.unibo.it/laurea/IngegneriaScienzeInformatiche/orario-lezioni/',2,6,4,'Gianmaria','2021-05-07 11:49:00',NULL,NULL);
/*!40000 ALTER TABLE `utente` ENABLE KEYS */;
UNLOCK TABLES;
/*!40103 SET TIME_ZONE=@OLD_TIME_ZONE */;

/*!40101 SET SQL_MODE=@OLD_SQL_MODE */;
/*!40014 SET FOREIGN_KEY_CHECKS=@OLD_FOREIGN_KEY_CHECKS */;
/*!40014 SET UNIQUE_CHECKS=@OLD_UNIQUE_CHECKS */;
/*!40101 SET CHARACTER_SET_CLIENT=@OLD_CHARACTER_SET_CLIENT */;
/*!40101 SET CHARACTER_SET_RESULTS=@OLD_CHARACTER_SET_RESULTS */;
/*!40101 SET COLLATION_CONNECTION=@OLD_COLLATION_CONNECTION */;
/*!40111 SET SQL_NOTES=@OLD_SQL_NOTES */;

-- Dump completed on 2021-05-08 22:36:11
